track,frame_idx,instance.score,head.x,head.y,head.score,neck.x,neck.y,neck.score,abdomen.x,abdomen.y,abdomen.score
,549,0.5751370191574097,16.365982055664062,1997.000244140625,0.22821740806102753,20.554981231689453,1988.869384765625,0.4904341995716095,,,0.0
,550,0.8426128625869751,,,0.0,,,0.0,0.3626232147216797,1965.5272216796875,0.5390018224716187
,551,0.8746657371520996,,,0.0,44.43423843383789,1992.0953369140625,0.2367950975894928,4.187743186950684,1972.9495849609375,0.2940659821033478
,552,0.8182774186134338,,,0.0,53.25876998901367,1996.471923828125,0.43860384821891785,32.96299743652344,1976.669677734375,0.5982335805892944
,553,0.7640997767448425,,,0.0,65.31037902832031,2000.342041015625,0.4828689992427826,44.95219421386719,1984.19775390625,0.5005035400390625
,554,0.6018459796905518,60.415435791015625,1996.427978515625,0.41998472809791565,76.4704360961914,2000.9971923828125,0.62603360414505,47.521583557128906,2008.7034912109375,0.3281630873680115
,555,0.3598712980747223,72.1188735961914,1999.88232421875,0.32874152064323425,88.85662078857422,2008.0035400390625,0.47391635179519653,60.080780029296875,2011.942626953125,0.45972740650177
