track,frame_idx,instance.score,head.x,head.y,head.score,neck.x,neck.y,neck.score,abdomen.x,abdomen.y,abdomen.score
,280,0.2161724865436554,1328.57666015625,1024.160888671875,0.36955735087394714,1316.7137451171875,1028.0086669921875,0.8330817222595215,1292.4317626953125,1036.0494384765625,0.7142748832702637
,282,0.20213593542575836,1363.7581787109375,1016.3732299804688,0.3750591278076172,1348.8563232421875,1020.1381225585938,0.8007047176361084,1324.38134765625,1024.9542236328125,0.7088291645050049
,287,0.21200037002563477,1440.298828125,997.3800048828125,0.3083418011665344,1425.4056396484375,1000.8504028320312,0.8190506100654602,1400.8277587890625,1004.98486328125,0.7098273038864136
,309,0.20654775202274323,1771.865966796875,929.0283813476562,0.23978964984416962,1760.506591796875,932.5999145507812,0.7566565275192261,1736.2916259765625,940.583740234375,0.7167489528656006
,311,0.20553183555603027,1800.65380859375,920.7548217773438,0.2738994061946869,1789.3763427734375,927.6553344726562,0.7654204368591309,1765.018798828125,935.8154907226562,0.7167465686798096
,314,0.2062065750360489,1844.808837890625,913.0315551757812,0.38664674758911133,1832.849853515625,916.760986328125,0.8254924416542053,1808.5450439453125,924.6015014648438,0.6787726879119873
,316,0.22432933747768402,1873.252197265625,905.1148681640625,0.36905330419540405,1861.30078125,911.827880859375,0.805811882019043,1836.9383544921875,919.9314575195312,0.7195513248443604
