track,frame_idx,instance.score,head.x,head.y,head.score,neck.x,neck.y,neck.score,abdomen.x,abdomen.y,abdomen.score
,333,0.20138302445411682,1792.63525390625,997.543701171875,0.4602741599082947,1777.3306884765625,996.7411499023438,0.8524957299232483,1752.8175048828125,984.9971923828125,0.7335701584815979
