track,frame_idx,instance.score,head.x,head.y,head.score,neck.x,neck.y,neck.score,abdomen.x,abdomen.y,abdomen.score
,101,0.23947952687740326,,,0.0,116.68629455566406,2001.3853759765625,0.30263569951057434,92.2596664428711,1989.12158203125,0.39461150765419006
