track,frame_idx,instance.score,head.x,head.y,head.score,neck.x,neck.y,neck.score,abdomen.x,abdomen.y,abdomen.score
,311,0.5967289805412292,1996.326171875,16.493196487426758,0.580135703086853,2007.82958984375,32.59781265258789,0.8004593849182129,2024.009765625,52.96546936035156,0.679088830947876
,312,0.8675422668457031,,,0.0,2007.9111328125,32.19268798828125,0.42290976643562317,2008.6640625,52.264404296875,0.6666477918624878
,313,0.7876021265983582,2019.9964599609375,20.513015747070312,0.3100798428058624,2001.149169921875,20.82720184326172,0.37604469060897827,1961.4310302734375,0.9163188934326172,0.32395997643470764
