track,frame_idx,instance.score,head.x,head.y,head.score,neck.x,neck.y,neck.score,abdomen.x,abdomen.y,abdomen.score
,289,0.3192078173160553,2028.96875,2000.9884033203125,0.5168382525444031,2012.31591796875,2001.0323486328125,0.5320870876312256,1972.261474609375,2012.7581787109375,0.5032461881637573
,290,0.470957487821579,2028.8616943359375,1997.040283203125,0.4515340030193329,2012.1622314453125,1997.25927734375,0.5276610851287842,2024.6669921875,1981.5751953125,0.5264037847518921
,291,0.5292536020278931,2028.5616455078125,1992.24951171875,0.2727469205856323,2012.145263671875,1996.245849609375,0.44736993312835693,2024.640625,1980.5133056640625,0.5903079509735107
,292,0.4389393627643585,2031.4810791015625,1987.727783203125,0.3178221583366394,2012.4195556640625,1988.6094970703125,0.5446866750717163,2027.8023681640625,1976.069580078125,0.5840007662773132
,293,0.22276337444782257,2025.01416015625,1980.4832763671875,0.2313898205757141,2012.5595703125,1980.712646484375,0.6015666723251343,2028.4583740234375,1965.0904541015625,0.717736005783081
