track,frame_idx,instance.score,head.x,head.y,head.score,neck.x,neck.y,neck.score,abdomen.x,abdomen.y,abdomen.score
,177,0.20591209828853607,,,0.0,1884.2906494140625,1844.4053955078125,0.5207567811012268,1856.28125,1844.2967529296875,0.5937828421592712
,488,0.2239208221435547,,,0.0,1973.206298828125,1469.296142578125,0.5374453663825989,1996.9317626953125,1465.4261474609375,0.5730749368667603
