track,frame_idx,instance.score,head.x,head.y,head.score,neck.x,neck.y,neck.score,abdomen.x,abdomen.y,abdomen.score
,242,0.24621960520744324,884.0534057617188,2027.3211669921875,0.21008768677711487,860.2820434570312,2011.787109375,0.2712034285068512,823.3829345703125,2015.513427734375,0.46735551953315735
,243,0.20432044565677643,,,0.0,856.3890991210938,2000.84619140625,0.27207857370376587,833.0999145507812,1980.9039306640625,0.3558669090270996
