track,frame_idx,instance.score,head.x,head.y,head.score,neck.x,neck.y,neck.score,abdomen.x,abdomen.y,abdomen.score
,264,0.21604685485363007,,,0.0,1243.8441162109375,164.69619750976562,0.4746817946434021,1220.380126953125,148.24798583984375,0.5483022928237915
,265,0.5240417122840881,1205.6817626953125,108.42557525634766,0.218492329120636,1224.30078125,128.06663513183594,0.5286104083061218,1236.746826171875,151.7195587158203,0.5609366297721863
,266,0.48700186610221863,1188.418212890625,68.80809020996094,0.2112281322479248,1204.2740478515625,88.01929473876953,0.4974272549152374,1215.65771484375,111.85710906982422,0.5186061859130859
,267,0.5462705492973328,1168.9501953125,28.57808494567871,0.4559828042984009,1184.447265625,44.94204330444336,0.49010196328163147,1196.4869384765625,68.88331604003906,0.5431024432182312
