track,frame_idx,instance.score,head.x,head.y,head.score,neck.x,neck.y,neck.score,abdomen.x,abdomen.y,abdomen.score
,250,0.23736338317394257,1952.8504638671875,17.743064880371094,0.6886276006698608,1937.2454833984375,13.171497344970703,0.6433451771736145,1904.9071044921875,1.7354583740234375,0.29502347111701965
,251,0.7868982553482056,1972.34716796875,40.865455627441406,0.3363771438598633,1959.575439453125,32.69731903076172,0.6056861281394958,1928.182861328125,13.02985954284668,0.6506929993629456
,252,0.7268087863922119,1999.61279296875,59.74448776245117,0.7239526510238647,1983.7557373046875,48.398319244384766,0.8296120762825012,1951.7886962890625,32.182865142822266,0.8537721633911133
,253,0.7101812958717346,2024.162841796875,68.56758117675781,0.8956709504127502,2004.6075439453125,64.37127685546875,0.7920306921005249,1972.5845947265625,48.95851135253906,0.7334851622581482
