track,frame_idx,instance.score,head.x,head.y,head.score,neck.x,neck.y,neck.score,abdomen.x,abdomen.y,abdomen.score
,243,0.24199475347995758,,,0.0,1984.8172607421875,2004.5838623046875,0.37002405524253845,1968.6025390625,1984.0943603515625,0.4470289945602417
