track,frame_idx,instance.score,head.x,head.y,head.score,neck.x,neck.y,neck.score,abdomen.x,abdomen.y,abdomen.score
,260,0.5122359991073608,2011.5474853515625,1772.6923828125,0.2893424928188324,1988.360595703125,1768.7559814453125,0.6877898573875427,1956.3681640625,1756.9365234375,0.8896341919898987
,261,0.3316965401172638,2031.700439453125,1773.427734375,0.7471537590026855,2011.9635009765625,1773.0196533203125,0.8370926976203918,1979.76611328125,1764.9598388671875,0.7194093465805054
