track,frame_idx,instance.score,head.x,head.y,head.score,neck.x,neck.y,neck.score,abdomen.x,abdomen.y,abdomen.score
,520,0.2092612385749817,,,0.0,1336.0892333984375,300.3804931640625,0.5284779667854309,1316.6212158203125,319.91790771484375,0.5465574860572815
,564,0.20627224445343018,,,0.0,1368.0762939453125,109.426513671875,0.534875750541687,1348.7894287109375,128.9884490966797,0.576080322265625
,567,0.21231114864349365,,,0.0,1368.242919921875,100.49716186523438,0.5313057899475098,1348.9002685546875,120.10247039794922,0.5403529405593872
,572,0.20359838008880615,,,0.0,1371.9847412109375,79.90998840332031,0.539568305015564,1352.66162109375,96.24760437011719,0.5405505299568176
,576,0.20941941440105438,,,0.0,1375.7491455078125,60.73711395263672,0.5436877012252808,1356.5946044921875,80.25144958496094,0.5724066495895386
,578,0.21421940624713898,,,0.0,1376.58447265625,52.135311126708984,0.5178179144859314,1360.5654296875,71.93814849853516,0.5643776655197144
,579,0.2049330472946167,,,0.0,1376.4830322265625,48.81217956542969,0.5478855967521667,1360.695556640625,68.62496185302734,0.5663991570472717
,580,0.21612973511219025,,,0.0,1380.107177734375,44.401676177978516,0.5024794340133667,1364.3746337890625,61.27214431762695,0.6158701181411743
,581,0.2431344985961914,,,0.0,1379.9619140625,40.911075592041016,0.4949208199977875,1364.352294921875,60.760986328125,0.5933873057365417
