track,frame_idx,instance.score,head.x,head.y,head.score,neck.x,neck.y,neck.score,abdomen.x,abdomen.y,abdomen.score
,278,0.20244546234607697,1260.9049072265625,1888.508056640625,0.32687869668006897,1264.613037109375,1872.3702392578125,0.7144888639450073,1252.293212890625,1848.4449462890625,0.6057750582695007
