track,frame_idx,instance.score,head.x,head.y,head.score,neck.x,neck.y,neck.score,abdomen.x,abdomen.y,abdomen.score
,269,0.29102182388305664,1980.5457763671875,1008.3518676757812,0.3499213755130768,1965.209716796875,1011.8604736328125,0.8193942308425903,1940.5343017578125,1015.833251953125,0.7647969126701355
,270,0.21685603260993958,1984.2454833984375,1008.5012817382812,0.22384311258792877,1972.7261962890625,1011.9613647460938,0.795515775680542,1948.044921875,1015.7396850585938,0.7393712997436523
,271,0.2427341341972351,1989.3272705078125,1008.8037719726562,0.2109600305557251,1980.5133056640625,1009.0972900390625,0.7420986890792847,1953.0504150390625,1012.6693725585938,0.7181524038314819
,272,0.2659824788570404,2000.827880859375,1008.669189453125,0.4346644878387451,1985.08349609375,1008.9088745117188,0.8386313319206238,1960.4952392578125,1012.490478515625,0.7304083108901978
,273,0.25813987851142883,2020.4248046875,1008.6671142578125,0.5274468660354614,2000.2740478515625,1008.735595703125,0.644589900970459,1968.2232666015625,1012.39306640625,0.7952699661254883
,274,0.2820200026035309,2028.1983642578125,1008.5567016601562,0.8138073682785034,2008.1512451171875,1008.5803833007812,0.7529313564300537,1976.0208740234375,1012.3412475585938,0.7652393579483032
