track,frame_idx,instance.score,head.x,head.y,head.score,neck.x,neck.y,neck.score,abdomen.x,abdomen.y,abdomen.score
,239,0.3419550359249115,,,0.0,,,0.0,-3.0442581176757812,884.4397583007812,0.47521454095840454
,240,0.374830961227417,,,0.0,47.774559020996094,876.5599365234375,0.3189307153224945,0.4622354507446289,856.5792846679688,0.41757020354270935
,241,0.224220409989357,,,0.0,52.21430969238281,888.6788940429688,0.49869945645332336,27.75507926940918,869.1085205078125,0.5148323178291321
,242,0.26885753870010376,,,0.0,64.44831848144531,897.5460815429688,0.5013226866722107,36.5660400390625,881.353271484375,0.5090088844299316
,243,0.22006013989448547,,,0.0,72.62097930908203,908.3197021484375,0.5166720151901245,48.288597106933594,892.137451171875,0.5569351315498352
,245,0.20852652192115784,,,0.0,92.83570861816406,929.000732421875,0.5244073867797852,68.46054077148438,912.7400512695312,0.5565248131752014
