track,frame_idx,instance.score,head.x,head.y,head.score,neck.x,neck.y,neck.score,abdomen.x,abdomen.y,abdomen.score
,265,0.33130133152008057,,,0.0,1852.1119384765625,2001.346435546875,0.3396454453468323,1820.653076171875,2000.906005859375,0.33351096510887146
,266,0.3142034411430359,,,0.0,1843.58837890625,2000.422607421875,0.2632986307144165,1816.5267333984375,1988.4202880859375,0.33560776710510254
