track,frame_idx,instance.score,head.x,head.y,head.score,neck.x,neck.y,neck.score,abdomen.x,abdomen.y,abdomen.score
,257,0.42849329113960266,,,0.0,,,0.0,-0.09557151794433594,1784.0772705078125,0.5801649689674377
,258,0.3613283336162567,,,0.0,51.68062973022461,1751.947021484375,0.4766247868537903,68.63043212890625,1736.0758056640625,0.47739487886428833
,259,0.2314801961183548,,,0.0,68.17070007324219,1733.0113525390625,0.4387873113155365,43.87977981567383,1748.9368896484375,0.5423395037651062
,260,0.30483579635620117,,,0.0,84.35568237304688,1720.1842041015625,0.42975282669067383,59.816856384277344,1736.1640625,0.5191788673400879
,261,0.23528824746608734,,,0.0,100.18412780761719,1704.787353515625,0.43404266238212585,75.905029296875,1720.83349609375,0.5184937119483948
,263,0.2361813485622406,,,0.0,132.85765075683594,1673.211181640625,0.4438432455062866,108.5134048461914,1689.2713623046875,0.501035749912262
,269,0.22751575708389282,,,0.0,232.68429565429688,1581.2723388671875,0.4287533164024353,208.2582550048828,1597.1883544921875,0.534199059009552
