track,frame_idx,instance.score,head.x,head.y,head.score,neck.x,neck.y,neck.score,abdomen.x,abdomen.y,abdomen.score
,268,0.2225438505411148,,,0.0,1996.8795166015625,464.8843688964844,0.5500783920288086,1972.1177978515625,476.8693542480469,0.49785736203193665
