track,frame_idx,instance.score,head.x,head.y,head.score,neck.x,neck.y,neck.score,abdomen.x,abdomen.y,abdomen.score
,415,0.2489331215620041,,,0.0,816.7330322265625,912.0787353515625,0.4847773611545563,792.1260375976562,924.3018188476562,0.5289919376373291
,418,0.2103618085384369,,,0.0,856.9989013671875,924.2049560546875,0.46795985102653503,832.4721069335938,940.1400146484375,0.5413747429847717
,419,0.2218080759048462,,,0.0,872.8741455078125,932.7601928710938,0.46535584330558777,844.99951171875,948.4652709960938,0.5544886589050293
,420,0.2268911600112915,,,0.0,892.3292846679688,933.112060546875,0.4724147319793701,867.8584594726562,948.9632568359375,0.5388121008872986
