track,frame_idx,instance.score,head.x,head.y,head.score,neck.x,neck.y,neck.score,abdomen.x,abdomen.y,abdomen.score
,262,0.42382705211639404,692.1258544921875,1936.27001953125,0.49668359756469727,684.4406127929688,1924.907958984375,0.8067020773887634,660.675537109375,1908.543701171875,0.5077019333839417
,263,0.38070645928382874,704.789306640625,1948.6748046875,0.4872879683971405,700.306884765625,1937.2841796875,0.8045627474784851,676.0225219726562,1920.537109375,0.44872334599494934
,264,0.42015090584754944,723.6524658203125,1964.28271484375,0.4890212416648865,715.9522705078125,1952.5611572265625,0.8267923593521118,692.255615234375,1935.995849609375,0.5313208699226379
,265,0.35415413975715637,736.2606201171875,1976.6004638671875,0.5003671646118164,731.8347778320312,1965.205078125,0.8010824918746948,707.719482421875,1948.738037109375,0.47252076864242554
,266,0.37790897488594055,733.4832153320312,1972.5186767578125,0.4579601287841797,744.8709716796875,1980.4010009765625,0.8382311463356018,724.7332153320312,1960.471923828125,0.44574132561683655
,267,0.5012692213058472,756.6036987304688,1992.7310791015625,0.5182226300239563,760.56640625,1992.991455078125,0.6075572967529297,,,0.0
,268,0.29496386647224426,760.7089233398438,1996.0040283203125,0.61551433801651,776.0577392578125,2007.9169921875,0.6684384942054749,,,0.0
