track,frame_idx,instance.score,head.x,head.y,head.score,neck.x,neck.y,neck.score,abdomen.x,abdomen.y,abdomen.score
,260,0.6083427667617798,1981.0335693359375,1972.8997802734375,0.8720782995223999,2000.28369140625,1960.699462890625,0.8421372175216675,2021.0750732421875,1944.7330322265625,0.9239698052406311
,261,0.6322411894798279,1960.3092041015625,1993.0218505859375,0.8989011645317078,1976.348876953125,1980.6396484375,0.8438999056816101,2000.980712890625,1963.8411865234375,0.8416517972946167
,262,0.8537359833717346,,,0.0,1960.111572265625,1992.876953125,0.3791423738002777,1932.529541015625,2004.2542724609375,0.6426156759262085
,263,0.2486969232559204,,,0.0,1944.8468017578125,2012.01025390625,0.5101101398468018,1912.5543212890625,2011.9864501953125,0.539444625377655
