track,frame_idx,instance.score,head.x,head.y,head.score,neck.x,neck.y,neck.score,abdomen.x,abdomen.y,abdomen.score
,270,0.37846365571022034,1948.8115234375,501.1492004394531,0.27806103229522705,1933.4490966796875,501.23370361328125,0.6286930441856384,1905.3819580078125,504.96820068359375,0.5293589234352112
,271,0.6439393162727356,1971.9266357421875,497.3818054199219,0.32614073157310486,1960.14208984375,504.54827880859375,0.7397652864456177,1932.5826416015625,513.0621948242188,0.7681728601455688
,272,0.6141330003738403,,,0.0,1984.1883544921875,503.9186096191406,0.6583543419837952,1960.1630859375,519.993896484375,0.7136825919151306
,273,0.4040551483631134,2028.337646484375,507.8309020996094,0.43217840790748596,2011.60888671875,508.4425964355469,0.7022712826728821,1980.622802734375,523.965087890625,0.675051212310791
