track,frame_idx,instance.score,head.x,head.y,head.score,neck.x,neck.y,neck.score,abdomen.x,abdomen.y,abdomen.score
,261,0.22324460744857788,,,0.0,1180.5819091796875,1997.59619140625,0.3579898178577423,1155.6898193359375,1989.1724853515625,0.5103606581687927
,262,0.6615743041038513,1220.6553955078125,2000.2396240234375,0.5516961812973022,1203.9285888671875,1996.8353271484375,0.7067728638648987,1172.30712890625,1995.9327392578125,0.5609778165817261
,263,0.5811277031898499,,,0.0,1216.1607666015625,2005.04736328125,0.6006591320037842,1184.7774658203125,2001.053466796875,0.5286703109741211
,264,0.3259013295173645,1212.2353515625,2007.955810546875,0.21079163253307343,1232.9058837890625,2011.9105224609375,0.38342878222465515,1201.141845703125,2008.517822265625,0.5696141719818115
