track,frame_idx,instance.score,head.x,head.y,head.score,neck.x,neck.y,neck.score,abdomen.x,abdomen.y,abdomen.score
,0,0.42447951436042786,41.06813430786133,432.03155517578125,0.5133666396141052,52.7170524597168,420.479248046875,0.7264005541801453,28.909311294555664,440.77783203125,0.28885555267333984
,1,0.4626120924949646,33.03904724121094,444.2936096191406,0.5276262760162354,48.075347900390625,432.34637451171875,0.7508993148803711,24.251178741455078,455.6203918457031,0.2904300093650818
,2,0.44491124153137207,,,0.0,43.83951950073242,448.64923095703125,0.6157646775245667,16.580535888671875,464.4978332519531,0.663444995880127
,3,0.4882650673389435,,,0.0,40.18101501464844,464.4556579589844,0.2792046070098877,1.1255130767822266,483.6186828613281,0.5731126070022583
,4,0.5211146473884583,8.967668533325195,492.6890869140625,0.22468091547489166,,,0.0,0.6511211395263672,492.6755676269531,0.6087350845336914
,5,0.455875426530838,12.471525192260742,500.0666198730469,0.5051897764205933,20.718473434448242,488.90533447265625,0.6278263926506042,-4.635591506958008,512.6148681640625,0.2143103927373886
,6,0.32859739661216736,11.857934951782227,508.1368103027344,0.4432471990585327,0.5636272430419922,508.40447998046875,0.6066734194755554,,,0.0
