track,frame_idx,instance.score,head.x,head.y,head.score,neck.x,neck.y,neck.score,abdomen.x,abdomen.y,abdomen.score
,300,0.2437019646167755,1963.681884765625,1561.1502685546875,0.48316285014152527,1959.604736328125,1553.348876953125,0.7889066934585571,1932.404052734375,1540.860595703125,0.5942169427871704
,301,0.20853079855442047,1977.1539306640625,1576.7469482421875,0.5316807627677917,1968.943359375,1569.0130615234375,0.7875499129295349,1944.554443359375,1553.5914306640625,0.6126946210861206
,302,0.2615968585014343,1972.210693359375,1580.777099609375,0.27671366930007935,1983.5972900390625,1584.33154296875,0.8299404978752136,1956.0467529296875,1572.2481689453125,0.7310608625411987
,303,0.22034862637519836,2020.0625,1600.28466796875,0.6172913312911987,1996.8494873046875,1592.734130859375,0.7790865302085876,1969.1522216796875,1584.565673828125,0.7233812212944031
