track,frame_idx,instance.score,head.x,head.y,head.score,neck.x,neck.y,neck.score,abdomen.x,abdomen.y,abdomen.score
,295,0.32739678025245667,,,0.0,172.42642211914062,2012.4833984375,0.4028390347957611,136.3046875,2008.4505615234375,0.5763242840766907
,296,0.5099017024040222,,,0.0,148.2166748046875,2011.89306640625,0.44713830947875977,111.96058654785156,2000.131103515625,0.6231374740600586
,297,0.626181423664093,,,0.0,116.64761352539062,2008.54345703125,0.4394305348396301,80.06623840332031,2000.7825927734375,0.659037172794342
,298,0.7704740762710571,56.20111083984375,2000.17578125,0.30185821652412415,80.51509094238281,2001.0289306640625,0.4164600670337677,111.99752044677734,2000.6375732421875,0.5865148901939392
,299,0.8081156015396118,,,0.0,52.450801849365234,2000.423828125,0.3022189438343048,21.001651763916016,2000.2158203125,0.5876641869544983
,300,0.9115069508552551,,,0.0,47.27138137817383,2004.4705810546875,0.21875600516796112,-0.008101463317871094,1992.950927734375,0.5471643805503845
,301,0.5106207728385925,,,0.0,0.36977195739746094,1997.0699462890625,0.3897550106048584,44.974815368652344,2016.4600830078125,0.2281818985939026
