track,frame_idx,instance.score,head.x,head.y,head.score,neck.x,neck.y,neck.score,abdomen.x,abdomen.y,abdomen.score
,218,0.23894378542900085,884.5167846679688,2027.3695068359375,0.23643778264522552,864.4207153320312,2012.420166015625,0.3795125484466553,827.782958984375,2012.2510986328125,0.43130046129226685
,219,0.4140153229236603,,,0.0,875.3397216796875,2004.902099609375,0.40378066897392273,840.5636596679688,2005.21337890625,0.4115135669708252
,220,0.4213488698005676,,,0.0,888.159912109375,2000.19677734375,0.32240599393844604,852.9063110351562,2008.3543701171875,0.34435975551605225
,221,0.3946242928504944,,,0.0,903.596923828125,1992.46240234375,0.2659815847873688,868.107177734375,2015.6221923828125,0.3701492249965668
,222,0.3457310199737549,,,0.0,913.0977172851562,1984.1533203125,0.330763578414917,884.4832153320312,2000.3516845703125,0.3446078896522522
,224,0.2675616145133972,,,0.0,940.6732788085938,1969.0050048828125,0.4824009835720062,916.4388427734375,1985.0107421875,0.5111520290374756
,227,0.2572101950645447,,,0.0,980.628662109375,1949.1885986328125,0.4840708374977112,956.326904296875,1964.767578125,0.5293896198272705
